{"cameraMode":{"drawMode":0,"name":"Shaded","section":"Shading Mode"},"sceneLighting":false,"audioPlay":false,"sceneViewState":{"m_AlwaysRefresh":false,"showFog":true,"showSkybox":false,"showFlares":true,"showImageEffects":true,"showParticleSystems":true,"showVisualEffectGraphs":true,"m_FxEnabled":true},"in2DMode":false,"pivot":{"x":66.31389617919922,"y":3.5824317932128908,"z":9.497900009155274},"rotation":{"x":-0.004811430349946022,"y":-0.987027108669281,"z":0.15828806161880494,"w":-0.030544554814696313},"size":124.35031127929688,"orthographic":false}