{"cameraMode":{"drawMode":0,"name":"Shaded","section":"Shading Mode"},"sceneLighting":true,"audioPlay":false,"sceneViewState":{"m_AlwaysRefresh":false,"showFog":true,"showSkybox":true,"showFlares":true,"showImageEffects":true,"showParticleSystems":true,"showVisualEffectGraphs":true,"m_FxEnabled":true},"in2DMode":false,"pivot":{"x":-114.92535400390625,"y":7.437021255493164,"z":-320.0365905761719},"rotation":{"x":-0.012388786301016808,"y":-0.7025483846664429,"z":0.012230562046170235,"w":-0.7114529609680176},"size":77.39936065673828,"orthographic":false}