{"cameraMode":{"drawMode":0,"name":"Shaded","section":"Shading Mode"},"sceneLighting":true,"audioPlay":false,"sceneViewState":{"m_AlwaysRefresh":false,"showFog":true,"showSkybox":true,"showFlares":true,"showImageEffects":true,"showParticleSystems":true,"showVisualEffectGraphs":true,"m_FxEnabled":true},"in2DMode":false,"pivot":{"x":-125.60000610351563,"y":0.9149999618530273,"z":-335.79998779296877},"rotation":{"x":0.28596243262290957,"y":0.5711352825164795,"z":-0.22166062891483308,"w":0.736819326877594},"size":22.453641891479493,"orthographic":false}