{"cameraMode":{"drawMode":0,"name":"Shaded","section":"Shading Mode"},"sceneLighting":true,"audioPlay":false,"sceneViewState":{"m_AlwaysRefresh":false,"showFog":true,"showSkybox":true,"showFlares":true,"showImageEffects":true,"showParticleSystems":true,"showVisualEffectGraphs":true,"m_FxEnabled":true},"in2DMode":false,"pivot":{"x":541.7452392578125,"y":326.4838562011719,"z":-0.1876559853553772},"rotation":{"x":0.04552404209971428,"y":0.9437377452850342,"z":-0.14669813215732575,"w":0.2928643822669983},"size":10.112659454345704,"orthographic":false}