{"cameraMode":{"drawMode":0,"name":"Shaded","section":"Shading Mode"},"sceneLighting":true,"audioPlay":false,"sceneViewState":{"m_AlwaysRefresh":false,"showFog":true,"showSkybox":true,"showFlares":true,"showImageEffects":true,"showParticleSystems":true,"showVisualEffectGraphs":true,"m_FxEnabled":true},"in2DMode":false,"pivot":{"x":68.0999984741211,"y":22.600000381469728,"z":-31.57801628112793},"rotation":{"x":-0.00043557528988458216,"y":-0.6460286378860474,"z":0.00043214685865677893,"w":-0.7634627223014832},"size":83.71968078613281,"orthographic":false}